timestamp,sequence,topic,machine_id,part_id,operation,process_phase,spindle_speed_rpm,feed_rate_mm_min,spindle_load_pct,vibration_rms,temperature_c,tool_wear_pct,expected_load_pct,expected_temperature_c,anomaly_label,work_order,part_revision,tolerance_um,eco_id,ncr_id,disposition,cmm_deviation_um,cmm_verdict,mes_state,oee_pct
2026-07-06T15:07:59+00:00,0,factory/SEAS-CNC-01/process,SEAS-CNC-01,BRACKET-6305,adaptive_cnc_milling,warmup,4500,340,27.29,0.251,28.42,4.43,28.0,28.0,normal,WO-1041,A,25.0,,,,9.5,in_tol,in_process,84.0
2026-07-06T15:08:01+00:00,1,factory/SEAS-CNC-01/process,SEAS-CNC-01,BRACKET-6305,adaptive_cnc_milling,warmup,4500,340,29.47,0.165,28.79,4.51,28.18,28.12,normal,WO-1041,A,25.0,,,,8.7,in_tol,in_process,84.0
2026-07-06T15:08:03+00:00,2,factory/SEAS-CNC-01/process,SEAS-CNC-01,BRACKET-6305,adaptive_cnc_milling,warmup,4500,340,31.14,0.228,28.59,4.39,28.36,28.24,normal,WO-1041,A,25.0,,,,9.9,in_tol,in_process,84.0
2026-07-06T15:08:05+00:00,3,factory/SEAS-CNC-01/process,SEAS-CNC-01,BRACKET-6305,adaptive_cnc_milling,warmup,4500,340,27.86,0.173,28.15,4.33,28.54,28.36,normal,WO-1041,A,25.0,,,,8.2,in_tol,in_process,84.0
2026-07-06T15:08:07+00:00,4,factory/SEAS-CNC-01/process,SEAS-CNC-01,BRACKET-6305,adaptive_cnc_milling,warmup,4500,340,31.47,0.208,29.06,4.82,28.71,28.48,normal,WO-1041,A,25.0,,,,9.8,in_tol,in_process,84.0
2026-07-06T15:08:09+00:00,5,factory/SEAS-CNC-01/process,SEAS-CNC-01,BRACKET-6305,adaptive_cnc_milling,warmup,4500,340,25.78,0.158,29.38,4.75,28.88,28.6,normal,WO-1041,A,25.0,,,,9.1,in_tol,in_process,84.0
2026-07-06T15:08:11+00:00,6,factory/SEAS-CNC-01/process,SEAS-CNC-01,BRACKET-6305,adaptive_cnc_milling,warmup,4500,340,29.96,0.168,27.78,5.16,29.04,28.72,normal,WO-1041,A,25.0,,,,9.2,in_tol,in_process,84.0
2026-07-06T15:08:13+00:00,7,factory/SEAS-CNC-01/process,SEAS-CNC-01,BRACKET-6305,adaptive_cnc_milling,warmup,4500,340,25.45,0.166,27.18,4.9,29.19,28.84,normal,WO-1041,A,25.0,,,,8.7,in_tol,in_process,84.0
2026-07-06T15:08:15+00:00,8,factory/SEAS-CNC-01/process,SEAS-CNC-01,BRACKET-6305,adaptive_cnc_milling,warmup,4500,340,30.6,0.21,30.14,5.22,29.33,28.96,normal,WO-1041,A,25.0,,,,9.0,in_tol,in_process,84.0
2026-07-06T15:08:17+00:00,9,factory/SEAS-CNC-01/process,SEAS-CNC-01,BRACKET-6305,adaptive_cnc_milling,warmup,4500,340,27.44,0.181,28.1,5.81,29.46,29.08,normal,WO-1041,A,25.0,,,,8.6,in_tol,in_process,84.0
2026-07-06T15:08:19+00:00,10,factory/SEAS-CNC-01/process,SEAS-CNC-01,BRACKET-6305,adaptive_cnc_milling,warmup,4500,340,30.75,0.199,29.79,6.28,29.58,29.2,normal,WO-1041,A,25.0,,,,9.3,in_tol,in_process,84.0
2026-07-06T15:08:21+00:00,11,factory/SEAS-CNC-01/process,SEAS-CNC-01,BRACKET-6305,adaptive_cnc_milling,warmup,4500,340,30.54,0.176,28.08,5.79,29.68,29.32,normal,WO-1041,A,25.0,,,,8.9,in_tol,in_process,84.0
2026-07-06T15:08:23+00:00,12,factory/SEAS-CNC-01/process,SEAS-CNC-01,BRACKET-6305,adaptive_cnc_milling,warmup,4500,340,27.95,0.152,30.15,6.33,29.77,29.44,normal,WO-1041,A,25.0,,,,8.2,in_tol,in_process,84.0
2026-07-06T15:08:25+00:00,13,factory/SEAS-CNC-01/process,SEAS-CNC-01,BRACKET-6305,adaptive_cnc_milling,warmup,4500,340,31.3,0.198,29.47,6.18,29.85,29.56,normal,WO-1041,A,25.0,,,,8.5,in_tol,in_process,84.0
2026-07-06T15:08:27+00:00,14,factory/SEAS-CNC-01/process,SEAS-CNC-01,BRACKET-6305,adaptive_cnc_milling,warmup,4500,340,28.03,0.127,29.15,6.47,29.91,29.68,normal,WO-1041,A,25.0,,,,10.1,in_tol,in_process,84.0
2026-07-06T15:08:29+00:00,15,factory/SEAS-CNC-01/process,SEAS-CNC-01,BRACKET-6305,adaptive_cnc_milling,warmup,4500,340,31.5,0.156,30.45,6.94,29.96,29.8,normal,WO-1041,A,25.0,,,,8.5,in_tol,in_process,84.0
2026-07-06T15:08:31+00:00,16,factory/SEAS-CNC-01/process,SEAS-CNC-01,BRACKET-6305,adaptive_cnc_milling,warmup,4500,340,28.34,0.187,30.53,6.48,29.99,29.92,normal,WO-1041,A,25.0,,,,8.1,in_tol,in_process,84.0
2026-07-06T15:08:33+00:00,17,factory/SEAS-CNC-01/process,SEAS-CNC-01,BRACKET-6305,adaptive_cnc_milling,warmup,4500,340,32.23,0.157,30.42,6.61,30.0,30.04,normal,WO-1041,A,25.0,,,,9.2,in_tol,in_process,84.0
2026-07-06T15:08:35+00:00,18,factory/SEAS-CNC-01/process,SEAS-CNC-01,BRACKET-6305,adaptive_cnc_milling,warmup,4500,340,31.17,0.134,30.56,7.2,30.0,30.16,normal,WO-1041,A,25.0,,,,9.1,in_tol,in_process,84.0
2026-07-06T15:08:37+00:00,19,factory/SEAS-CNC-01/process,SEAS-CNC-01,BRACKET-6305,adaptive_cnc_milling,warmup,4500,340,29.09,0.144,30.32,6.15,29.98,30.28,normal,WO-1041,A,25.0,,,,8.6,in_tol,in_process,84.0
2026-07-06T15:08:39+00:00,20,factory/SEAS-CNC-01/process,SEAS-CNC-01,BRACKET-6305,adaptive_cnc_milling,warmup,4500,340,32.56,0.255,28.11,7.98,29.94,28.0,normal,WO-1041,A,25.0,,,,8.5,in_tol,in_process,84.0
2026-07-06T15:08:41+00:00,21,factory/SEAS-CNC-01/process,SEAS-CNC-01,BRACKET-6305,adaptive_cnc_milling,warmup,4500,340,31.55,0.219,27.61,8.11,29.89,28.12,normal,WO-1041,A,25.0,,,,8.8,in_tol,in_process,84.0
2026-07-06T15:08:43+00:00,22,factory/SEAS-CNC-01/process,SEAS-CNC-01,BRACKET-6305,adaptive_cnc_milling,warmup,4500,340,32.91,0.236,27.9,8.59,29.82,28.24,normal,WO-1041,A,25.0,,,,8.1,in_tol,in_process,84.0
2026-07-06T15:08:45+00:00,23,factory/SEAS-CNC-01/process,SEAS-CNC-01,BRACKET-6305,adaptive_cnc_milling,warmup,4500,340,33.47,0.109,27.95,7.64,29.74,28.36,normal,WO-1041,A,25.0,,,,9.6,in_tol,in_process,84.0
2026-07-06T15:08:47+00:00,24,factory/SEAS-CNC-01/process,SEAS-CNC-01,BRACKET-6305,adaptive_cnc_milling,warmup,4500,340,30.95,0.14,28.57,7.96,29.64,28.48,normal,WO-1041,A,25.0,,,,9.5,in_tol,in_process,84.0
2026-07-06T15:08:49+00:00,25,factory/SEAS-CNC-01/process,SEAS-CNC-01,BRACKET-6305,adaptive_cnc_milling,warmup,4500,340,28.54,0.187,28.32,9.71,29.53,28.6,normal,WO-1041,A,25.0,,,,8.4,in_tol,in_process,84.0
2026-07-06T15:08:51+00:00,26,factory/SEAS-CNC-01/process,SEAS-CNC-01,BRACKET-6305,adaptive_cnc_milling,warmup,4500,340,28.29,0.232,28.39,8.17,29.4,28.72,normal,WO-1041,A,25.0,,,,8.9,in_tol,in_process,84.0
2026-07-06T15:08:53+00:00,27,factory/SEAS-CNC-01/process,SEAS-CNC-01,BRACKET-6305,adaptive_cnc_milling,warmup,4500,340,27.04,0.22,29.82,8.99,29.27,28.84,normal,WO-1041,A,25.0,,,,8.5,in_tol,in_process,84.0
2026-07-06T15:08:55+00:00,28,factory/SEAS-CNC-01/process,SEAS-CNC-01,BRACKET-6305,adaptive_cnc_milling,roughing,7800,820,64.7,0.31,43.83,8.82,64.53,43.67,normal,WO-1041,A,25.0,,,,9.2,in_tol,in_process,84.0
2026-07-06T15:08:57+00:00,29,factory/SEAS-CNC-01/process,SEAS-CNC-01,BRACKET-6305,adaptive_cnc_milling,roughing,7800,820,66.44,0.472,43.53,9.27,64.18,43.58,normal,WO-1041,A,25.0,,,,9.6,in_tol,in_process,84.0
2026-07-06T15:08:59+00:00,30,factory/SEAS-CNC-01/process,SEAS-CNC-01,BRACKET-6305,adaptive_cnc_milling,roughing,7800,820,61.33,0.447,45.26,9.21,63.81,43.48,normal,WO-1041,A,25.0,,,,9.4,in_tol,in_process,84.0
2026-07-06T15:09:01+00:00,31,factory/SEAS-CNC-01/process,SEAS-CNC-01,BRACKET-6305,adaptive_cnc_milling,roughing,7800,820,66.61,0.385,43.06,10.11,63.43,43.38,normal,WO-1041,A,25.0,,,,9.9,in_tol,in_process,84.0
2026-07-06T15:09:03+00:00,32,factory/SEAS-CNC-01/process,SEAS-CNC-01,BRACKET-6305,adaptive_cnc_milling,roughing,7800,820,65.34,0.333,43.09,10.49,63.04,43.28,normal,WO-1041,A,25.0,,,,8.6,in_tol,in_process,84.0
2026-07-06T15:09:05+00:00,33,factory/SEAS-CNC-01/process,SEAS-CNC-01,BRACKET-6305,adaptive_cnc_milling,roughing,7800,820,60.12,0.408,42.49,10.19,62.64,43.17,normal,WO-1041,A,25.0,,,,9.5,in_tol,in_process,84.0
2026-07-06T15:09:07+00:00,34,factory/SEAS-CNC-01/process,SEAS-CNC-01,BRACKET-6305,adaptive_cnc_milling,roughing,7800,820,58.63,0.43,43.58,10.3,62.23,43.06,normal,WO-1041,A,25.0,,,,10.0,in_tol,in_process,84.0
2026-07-06T15:09:09+00:00,35,factory/SEAS-CNC-01/process,SEAS-CNC-01,BRACKET-6305,adaptive_cnc_milling,roughing,7800,820,62.61,0.464,42.68,10.77,61.82,42.95,normal,WO-1041,A,25.0,,,,12.2,in_tol,in_process,84.0
2026-07-06T15:09:11+00:00,36,factory/SEAS-CNC-01/process,SEAS-CNC-01,BRACKET-6305,adaptive_cnc_milling,roughing,7800,820,59.0,0.439,43.8,10.61,61.41,42.84,normal,WO-1041,A,25.0,,,,9.4,in_tol,in_process,84.0
2026-07-06T15:09:13+00:00,37,factory/SEAS-CNC-01/process,SEAS-CNC-01,BRACKET-6305,adaptive_cnc_milling,roughing,7800,820,60.67,0.383,43.04,11.34,61.01,42.74,normal,WO-1041,A,25.0,,,,8.1,in_tol,in_process,84.0
2026-07-06T15:09:15+00:00,38,factory/SEAS-CNC-01/process,SEAS-CNC-01,BRACKET-6305,adaptive_cnc_milling,roughing,7800,820,62.1,0.396,43.36,11.25,60.61,42.63,normal,WO-1041,A,25.0,,,,9.9,in_tol,in_process,84.0
2026-07-06T15:09:17+00:00,39,factory/SEAS-CNC-01/process,SEAS-CNC-01,BRACKET-6305,adaptive_cnc_milling,roughing,7800,820,65.05,0.421,41.93,10.96,60.23,42.53,normal,WO-1041,A,25.0,,,,9.7,in_tol,in_process,84.0
2026-07-06T15:09:19+00:00,40,factory/SEAS-CNC-01/process,SEAS-CNC-01,BRACKET-6305,adaptive_cnc_milling,roughing,7800,820,58.9,0.372,43.19,11.32,59.86,42.43,normal,WO-1041,A,25.0,,,,8.9,in_tol,in_process,84.0
2026-07-06T15:09:21+00:00,41,factory/SEAS-CNC-01/process,SEAS-CNC-01,BRACKET-6305,adaptive_cnc_milling,roughing,7800,820,56.65,0.443,43.89,12.28,59.51,42.34,normal,WO-1041,A,25.0,,,,9.8,in_tol,in_process,84.0
2026-07-06T15:09:23+00:00,42,factory/SEAS-CNC-01/process,SEAS-CNC-01,BRACKET-6305,adaptive_cnc_milling,roughing,7800,820,56.77,0.419,41.93,11.47,59.18,42.25,normal,WO-1041,A,25.0,,,,10.4,in_tol,in_process,84.0
2026-07-06T15:09:25+00:00,43,factory/SEAS-CNC-01/process,SEAS-CNC-01,BRACKET-6305,adaptive_cnc_milling,roughing,7800,820,61.77,0.429,41.1,12.93,58.88,42.17,normal,WO-1041,A,25.0,,,,8.4,in_tol,in_process,84.0
2026-07-06T15:09:27+00:00,44,factory/SEAS-CNC-01/process,SEAS-CNC-01,BRACKET-6305,adaptive_cnc_milling,roughing,7800,820,56.68,0.327,42.38,11.46,58.59,42.09,normal,WO-1041,A,25.0,,,,9.0,in_tol,in_process,84.0
2026-07-06T15:09:29+00:00,45,factory/SEAS-CNC-01/process,SEAS-CNC-01,BRACKET-6305,adaptive_cnc_milling,roughing,7800,820,62.25,0.43,41.97,12.57,58.34,42.02,normal,WO-1041,A,25.0,,,,8.6,in_tol,in_process,84.0
2026-07-06T15:09:31+00:00,46,factory/SEAS-CNC-01/process,SEAS-CNC-01,BRACKET-6305,adaptive_cnc_milling,roughing,7800,820,64.41,1.213,41.92,12.28,58.12,41.96,chatter,WO-1041,A,25.0,,,,8.4,in_tol,in_process,84.0
2026-07-06T15:09:33+00:00,47,factory/SEAS-CNC-01/process,SEAS-CNC-01,BRACKET-6305,adaptive_cnc_milling,roughing,7800,820,62.34,1.579,40.55,12.98,57.93,41.91,chatter,WO-1041,A,25.0,,,,8.7,in_tol,in_process,84.0
2026-07-06T15:09:35+00:00,48,factory/SEAS-CNC-01/process,SEAS-CNC-01,BRACKET-6305,adaptive_cnc_milling,roughing,7800,820,63.14,1.716,41.04,13.17,57.77,41.87,chatter,WO-1041,A,25.0,,,,8.5,in_tol,in_process,84.0
2026-07-06T15:09:37+00:00,49,factory/SEAS-CNC-01/process,SEAS-CNC-01,BRACKET-6305,adaptive_cnc_milling,roughing,7800,820,60.3,1.255,42.01,13.01,57.65,41.84,chatter,WO-1041,A,25.0,,,,9.9,in_tol,in_process,84.0
2026-07-06T15:09:39+00:00,50,factory/SEAS-CNC-01/process,SEAS-CNC-01,BRACKET-6305,adaptive_cnc_milling,roughing,7800,820,66.67,1.499,42.0,13.39,57.56,41.82,chatter,WO-1041,A,25.0,,,,10.4,in_tol,in_process,84.0
2026-07-06T15:09:41+00:00,51,factory/SEAS-CNC-01/process,SEAS-CNC-01,BRACKET-6305,adaptive_cnc_milling,roughing,7800,820,62.46,1.432,41.88,13.27,57.51,41.8,chatter,WO-1041,A,25.0,,,,8.4,in_tol,in_process,84.0
2026-07-06T15:09:43+00:00,52,factory/SEAS-CNC-01/process,SEAS-CNC-01,BRACKET-6305,adaptive_cnc_milling,roughing,7800,820,66.21,1.566,42.06,14.3,57.5,41.8,chatter,WO-1041,A,25.0,,,,8.4,in_tol,in_process,84.0
2026-07-06T15:09:45+00:00,53,factory/SEAS-CNC-01/process,SEAS-CNC-01,BRACKET-6305,adaptive_cnc_milling,roughing,7800,820,59.63,1.692,41.24,13.88,57.53,41.81,chatter,WO-1041,A,25.0,,,,8.1,in_tol,in_process,84.0
2026-07-06T15:09:47+00:00,54,factory/SEAS-CNC-01/process,SEAS-CNC-01,BRACKET-6305,adaptive_cnc_milling,roughing,7800,820,61.2,1.441,41.51,14.64,57.59,41.82,chatter,WO-1041,A,25.0,,,,9.0,in_tol,in_process,84.0
2026-07-06T15:09:49+00:00,55,factory/SEAS-CNC-01/process,SEAS-CNC-01,BRACKET-6305,adaptive_cnc_milling,roughing,7800,820,56.58,0.383,42.0,14.15,57.68,41.85,normal,WO-1041,A,25.0,,,,9.2,in_tol,in_process,84.0
2026-07-06T15:09:51+00:00,56,factory/SEAS-CNC-01/process,SEAS-CNC-01,BRACKET-6305,adaptive_cnc_milling,roughing,7800,820,60.47,0.473,41.49,14.64,57.82,41.88,normal,WO-1041,A,25.0,,,,8.7,in_tol,in_process,84.0
2026-07-06T15:09:53+00:00,57,factory/SEAS-CNC-01/process,SEAS-CNC-01,BRACKET-6305,adaptive_cnc_milling,roughing,7800,820,59.59,0.454,41.92,14.52,57.99,41.93,normal,WO-1041,A,25.0,,,,8.6,in_tol,in_process,84.0
2026-07-06T15:09:55+00:00,58,factory/SEAS-CNC-01/process,SEAS-CNC-01,BRACKET-6305,adaptive_cnc_milling,roughing,7800,820,57.32,0.406,41.52,14.64,58.19,41.98,normal,WO-1041,A,25.0,,,,9.2,in_tol,in_process,84.0
2026-07-06T15:09:57+00:00,59,factory/SEAS-CNC-01/process,SEAS-CNC-01,BRACKET-6305,adaptive_cnc_milling,roughing,7800,820,56.53,0.444,41.84,13.23,58.42,42.05,normal,WO-1041,A,25.0,,,,8.5,in_tol,in_process,84.0
2026-07-06T15:09:59+00:00,60,factory/SEAS-CNC-01/process,SEAS-CNC-01,BRACKET-6305,adaptive_cnc_milling,roughing,7800,820,60.17,0.36,42.42,14.53,58.68,42.12,normal,WO-1041,A,25.0,,,,9.3,in_tol,in_process,84.0
2026-07-06T15:10:01+00:00,61,factory/SEAS-CNC-01/process,SEAS-CNC-01,BRACKET-6305,adaptive_cnc_milling,roughing,7800,820,57.4,0.518,43.47,15.34,58.97,42.19,normal,WO-1041,A,25.0,,,,10.0,in_tol,in_process,84.0
2026-07-06T15:10:03+00:00,62,factory/SEAS-CNC-01/process,SEAS-CNC-01,BRACKET-6305,adaptive_cnc_milling,roughing,7800,820,63.75,0.448,42.58,15.28,59.29,42.28,normal,WO-1041,A,25.0,,,,8.7,in_tol,in_process,84.0
2026-07-06T15:10:05+00:00,63,factory/SEAS-CNC-01/process,SEAS-CNC-01,BRACKET-6305,adaptive_cnc_milling,roughing,7800,820,59.77,0.346,43.03,15.18,59.63,42.37,normal,WO-1041,A,25.0,,,,9.7,in_tol,in_process,84.0
2026-07-06T15:10:07+00:00,64,factory/SEAS-CNC-01/process,SEAS-CNC-01,BRACKET-6305,adaptive_cnc_milling,roughing,7800,820,59.23,0.373,42.26,15.95,59.98,42.46,normal,WO-1041,A,25.0,,,,9.2,in_tol,in_process,84.0
2026-07-06T15:10:09+00:00,65,factory/SEAS-CNC-01/process,SEAS-CNC-01,BRACKET-6305,adaptive_cnc_milling,roughing,7800,820,59.64,0.491,43.21,15.71,60.36,42.56,normal,WO-1041,A,25.0,,,,10.7,in_tol,in_process,84.0
2026-07-06T15:10:11+00:00,66,factory/SEAS-CNC-01/process,SEAS-CNC-01,BRACKET-6305,adaptive_cnc_milling,roughing,7800,820,61.15,0.446,42.97,15.87,60.74,42.66,normal,WO-1041,A,25.0,,,,8.8,in_tol,in_process,84.0
2026-07-06T15:10:13+00:00,67,factory/SEAS-CNC-01/process,SEAS-CNC-01,BRACKET-6305,adaptive_cnc_milling,roughing,7800,820,61.04,0.44,45.18,15.86,61.14,42.77,normal,WO-1041,A,25.0,,,,8.3,in_tol,in_process,84.0
2026-07-06T15:10:15+00:00,68,factory/SEAS-CNC-01/process,SEAS-CNC-01,BRACKET-6305,adaptive_cnc_milling,roughing,7800,820,63.96,0.411,42.72,15.37,61.54,42.88,normal,WO-1041,A,25.0,,,,8.8,in_tol,in_process,84.0
2026-07-06T15:10:17+00:00,69,factory/SEAS-CNC-01/process,SEAS-CNC-01,BRACKET-6305,adaptive_cnc_milling,roughing,7800,820,63.64,0.414,43.72,15.39,61.95,42.99,normal,WO-1041,A,25.0,,,,10.9,in_tol,in_process,84.0
2026-07-06T15:10:19+00:00,70,factory/SEAS-CNC-01/process,SEAS-CNC-01,BRACKET-6305,adaptive_cnc_milling,roughing,7800,820,60.4,0.432,43.88,16.22,62.36,43.1,normal,WO-1041,A,25.0,,,,8.5,in_tol,in_process,84.0
2026-07-06T15:10:21+00:00,71,factory/SEAS-CNC-01/process,SEAS-CNC-01,BRACKET-6305,adaptive_cnc_milling,roughing,7800,820,65.12,0.298,43.35,16.46,62.77,43.2,normal,WO-1041,A,25.0,,,,8.1,in_tol,in_process,84.0
2026-07-06T15:10:23+00:00,72,factory/SEAS-CNC-01/process,SEAS-CNC-01,BRACKET-6305,adaptive_cnc_milling,roughing,7800,820,62.95,0.39,43.26,15.72,63.17,43.31,normal,WO-1041,A,25.0,,,,9.9,in_tol,in_process,84.0
2026-07-06T15:10:25+00:00,73,factory/SEAS-CNC-01/process,SEAS-CNC-01,BRACKET-6305,adaptive_cnc_milling,roughing,7800,820,61.67,0.373,41.91,17.36,63.56,43.42,normal,WO-1041,A,25.0,,,,8.8,in_tol,in_process,84.0
2026-07-06T15:10:27+00:00,74,factory/SEAS-CNC-01/process,SEAS-CNC-01,BRACKET-6305,adaptive_cnc_milling,roughing,7800,820,63.58,0.426,44.04,17.7,63.93,43.52,normal,WO-1041,A,25.0,,,,8.9,in_tol,in_process,84.0
2026-07-06T15:10:29+00:00,75,factory/SEAS-CNC-01/process,SEAS-CNC-01,BRACKET-6305,adaptive_cnc_milling,roughing,7800,820,64.13,0.398,45.73,18.38,64.29,43.61,normal,WO-1041,A,25.0,,,,8.3,in_tol,in_process,84.0
2026-07-06T15:10:31+00:00,76,factory/SEAS-CNC-01/process,SEAS-CNC-01,BRACKET-6305,adaptive_cnc_milling,roughing,7800,820,64.32,0.362,42.61,17.72,64.64,43.7,normal,WO-1041,A,25.0,,,,8.4,in_tol,in_process,84.0
2026-07-06T15:10:33+00:00,77,factory/SEAS-CNC-01/process,SEAS-CNC-01,BRACKET-6305,adaptive_cnc_milling,roughing,7800,820,63.86,0.386,41.79,17.92,64.96,43.79,normal,WO-1041,A,25.0,,,,8.1,in_tol,in_process,84.0
2026-07-06T15:10:35+00:00,78,factory/SEAS-CNC-01/process,SEAS-CNC-01,BRACKET-6305,adaptive_cnc_milling,roughing,7800,820,63.29,0.445,44.0,17.48,65.25,43.87,normal,WO-1041,A,25.0,,,,8.0,in_tol,in_process,84.0
2026-07-06T15:10:37+00:00,79,factory/SEAS-CNC-01/process,SEAS-CNC-01,BRACKET-6305,adaptive_cnc_milling,roughing,7800,820,64.23,0.447,44.6,18.26,65.52,43.94,normal,WO-1041,A,25.0,,,,8.1,in_tol,in_process,84.0
2026-07-06T15:10:39+00:00,80,factory/SEAS-CNC-01/process,SEAS-CNC-01,BRACKET-6305,adaptive_cnc_milling,roughing,7800,820,66.74,0.425,44.47,19.31,65.76,44.0,normal,WO-1041,A,25.0,,,,8.3,in_tol,in_process,84.0
2026-07-06T15:10:41+00:00,81,factory/SEAS-CNC-01/process,SEAS-CNC-01,BRACKET-6305,adaptive_cnc_milling,roughing,7800,820,65.39,0.477,44.07,18.74,65.97,44.06,normal,WO-1041,A,25.0,,,,10.4,in_tol,in_process,84.0
2026-07-06T15:10:43+00:00,82,factory/SEAS-CNC-01/process,SEAS-CNC-01,BRACKET-6305,adaptive_cnc_milling,roughing,7800,820,68.34,0.453,44.89,19.46,66.15,44.11,normal,WO-1041,A,25.0,,,,8.9,in_tol,in_process,84.0
2026-07-06T15:10:45+00:00,83,factory/SEAS-CNC-01/process,SEAS-CNC-01,BRACKET-6305,adaptive_cnc_milling,roughing,7800,820,65.65,0.408,45.56,19.17,66.29,44.14,normal,WO-1041,A,25.0,,,,8.7,in_tol,in_process,84.0
2026-07-06T15:10:47+00:00,84,factory/SEAS-CNC-01/process,SEAS-CNC-01,BRACKET-6305,adaptive_cnc_milling,roughing,7800,820,70.24,0.431,43.18,19.65,66.39,44.17,normal,WO-1041,A,25.0,,,,8.2,in_tol,in_process,84.0
2026-07-06T15:10:49+00:00,85,factory/SEAS-CNC-01/process,SEAS-CNC-01,BRACKET-6305,adaptive_cnc_milling,roughing,7800,820,64.67,0.421,43.88,18.58,66.46,44.19,normal,WO-1041,A,25.0,,,,8.5,in_tol,in_process,84.0
2026-07-06T15:10:51+00:00,86,factory/SEAS-CNC-01/process,SEAS-CNC-01,BRACKET-6305,adaptive_cnc_milling,roughing,7800,820,63.39,0.378,44.13,19.8,66.5,44.2,normal,WO-1041,A,25.0,,,,8.5,in_tol,in_process,84.0
2026-07-06T15:10:53+00:00,87,factory/SEAS-CNC-01/process,SEAS-CNC-01,BRACKET-6305,adaptive_cnc_milling,roughing,7800,820,69.6,0.384,42.95,19.15,66.49,44.2,normal,WO-1041,A,25.0,,,,9.1,in_tol,in_process,84.0
2026-07-06T15:10:55+00:00,88,factory/SEAS-CNC-01/process,SEAS-CNC-01,BRACKET-6305,adaptive_cnc_milling,roughing,7800,820,66.79,0.439,43.06,20.52,66.45,44.19,normal,WO-1041,A,25.0,,,,9.9,in_tol,in_process,84.0
2026-07-06T15:10:57+00:00,89,factory/SEAS-CNC-01/process,SEAS-CNC-01,BRACKET-6305,adaptive_cnc_milling,roughing,7800,820,66.93,0.426,42.93,19.84,66.37,44.17,normal,WO-1041,A,25.0,,,,10.7,in_tol,in_process,84.0
2026-07-06T15:10:59+00:00,90,factory/SEAS-CNC-01/process,SEAS-CNC-01,BRACKET-6305,adaptive_cnc_milling,roughing,7800,820,67.95,0.427,44.18,19.85,66.26,44.14,normal,WO-1041,A,25.0,,,,9.0,in_tol,in_process,84.0
2026-07-06T15:11:01+00:00,91,factory/SEAS-CNC-01/process,SEAS-CNC-01,BRACKET-6305,adaptive_cnc_milling,roughing,7800,820,81.4,0.599,45.67,38.31,66.11,44.1,tool_wear,WO-1041,A,25.0,,,,9.4,in_tol,in_process,84.0
2026-07-06T15:11:03+00:00,92,factory/SEAS-CNC-01/process,SEAS-CNC-01,BRACKET-6305,adaptive_cnc_milling,roughing,7800,820,81.35,0.505,43.85,38.72,65.93,44.05,tool_wear,WO-1041,A,25.0,,,,10.5,in_tol,in_process,84.0
2026-07-06T15:11:05+00:00,93,factory/SEAS-CNC-01/process,SEAS-CNC-01,BRACKET-6305,adaptive_cnc_milling,roughing,7800,820,83.13,0.561,44.01,38.87,65.71,43.99,tool_wear,WO-1041,A,25.0,,,,9.0,in_tol,in_process,84.0
2026-07-06T15:11:07+00:00,94,factory/SEAS-CNC-01/process,SEAS-CNC-01,BRACKET-6305,adaptive_cnc_milling,roughing,7800,820,80.49,0.609,43.68,38.63,65.47,43.92,tool_wear,WO-1041,A,25.0,,,,9.0,in_tol,in_process,84.0
2026-07-06T15:11:09+00:00,95,factory/SEAS-CNC-01/process,SEAS-CNC-01,BRACKET-6305,adaptive_cnc_milling,roughing,7800,820,85.67,0.631,44.18,38.9,65.19,43.85,tool_wear,WO-1041,A,25.0,,,,9.8,in_tol,in_process,84.0
2026-07-06T15:11:11+00:00,96,factory/SEAS-CNC-01/process,SEAS-CNC-01,BRACKET-6305,adaptive_cnc_milling,roughing,7800,820,77.67,0.61,42.79,38.96,64.89,43.77,tool_wear,WO-1041,A,25.0,,,,9.1,in_tol,in_process,84.0
2026-07-06T15:11:13+00:00,97,factory/SEAS-CNC-01/process,SEAS-CNC-01,BRACKET-6305,adaptive_cnc_milling,roughing,7800,820,69.19,0.655,44.11,39.84,64.57,43.68,tool_wear,WO-1041,A,25.0,,,,8.6,in_tol,in_process,84.0
2026-07-06T15:11:15+00:00,98,factory/SEAS-CNC-01/process,SEAS-CNC-01,BRACKET-6305,adaptive_cnc_milling,roughing,7800,820,75.44,0.65,44.41,38.93,64.22,43.59,tool_wear,WO-1041,A,25.0,,,,8.5,in_tol,in_process,84.0
2026-07-06T15:11:17+00:00,99,factory/SEAS-CNC-01/process,SEAS-CNC-01,BRACKET-6305,adaptive_cnc_milling,roughing,7800,820,73.54,0.665,44.22,38.4,63.85,43.49,tool_wear,WO-1041,A,25.0,,,,8.8,in_tol,in_process,84.0
2026-07-06T15:11:19+00:00,100,factory/SEAS-CNC-01/process,SEAS-CNC-01,BRACKET-6305,adaptive_cnc_milling,finishing,9200,520,56.67,0.271,38.16,39.96,43.82,38.26,tool_wear,WO-1041,A,25.0,,,,9.4,in_tol,in_process,84.0
2026-07-06T15:11:21+00:00,101,factory/SEAS-CNC-01/process,SEAS-CNC-01,BRACKET-6305,adaptive_cnc_milling,finishing,9200,520,60.5,0.369,38.48,40.16,43.6,38.19,tool_wear,WO-1041,A,25.0,,,,8.3,in_tol,in_process,84.0
2026-07-06T15:11:23+00:00,102,factory/SEAS-CNC-01/process,SEAS-CNC-01,BRACKET-6305,adaptive_cnc_milling,finishing,9200,520,54.66,0.395,38.91,40.35,43.38,38.12,tool_wear,WO-1041,A,25.0,,,,8.8,in_tol,in_process,84.0
2026-07-06T15:11:25+00:00,103,factory/SEAS-CNC-01/process,SEAS-CNC-01,BRACKET-6305,adaptive_cnc_milling,finishing,9200,520,58.25,0.47,36.52,40.27,43.15,38.05,tool_wear,WO-1041,A,25.0,,,,8.0,in_tol,in_process,84.0
2026-07-06T15:11:27+00:00,104,factory/SEAS-CNC-01/process,SEAS-CNC-01,BRACKET-6305,adaptive_cnc_milling,finishing,9200,520,57.73,0.518,37.63,40.51,42.93,37.98,tool_wear,WO-1041,A,25.0,,,,9.9,in_tol,in_process,84.0
2026-07-06T15:11:29+00:00,105,factory/SEAS-CNC-01/process,SEAS-CNC-01,BRACKET-6305,adaptive_cnc_milling,finishing,9200,520,55.35,0.495,38.39,41.31,42.7,37.9,tool_wear,WO-1041,A,25.0,,,,8.9,in_tol,in_process,84.0
2026-07-06T15:11:31+00:00,106,factory/SEAS-CNC-01/process,SEAS-CNC-01,BRACKET-6305,adaptive_cnc_milling,finishing,9200,520,59.26,0.414,38.89,40.9,42.47,37.83,tool_wear,WO-1041,A,25.0,,,,8.1,in_tol,in_process,84.0
2026-07-06T15:11:33+00:00,107,factory/SEAS-CNC-01/process,SEAS-CNC-01,BRACKET-6305,adaptive_cnc_milling,finishing,9200,520,57.65,0.474,38.45,41.33,42.26,37.76,tool_wear,WO-1041,A,25.0,,,,8.6,in_tol,in_process,84.0
2026-07-06T15:11:35+00:00,108,factory/SEAS-CNC-01/process,SEAS-CNC-01,BRACKET-6305,adaptive_cnc_milling,finishing,9200,520,57.4,0.58,37.12,41.56,42.04,37.69,tool_wear,WO-1041,A,25.0,,,,8.7,in_tol,in_process,84.0
2026-07-06T15:11:37+00:00,109,factory/SEAS-CNC-01/process,SEAS-CNC-01,BRACKET-6305,adaptive_cnc_milling,finishing,9200,520,44.91,0.299,37.35,23.33,41.84,37.63,normal,WO-1041,A,25.0,,,,8.6,in_tol,in_process,84.0
2026-07-06T15:11:39+00:00,110,factory/SEAS-CNC-01/process,SEAS-CNC-01,BRACKET-6305,adaptive_cnc_milling,finishing,9200,520,41.21,0.252,38.75,24.27,41.64,37.56,normal,WO-1041,A,25.0,,,,8.3,in_tol,in_process,84.0
2026-07-06T15:11:41+00:00,111,factory/SEAS-CNC-01/process,SEAS-CNC-01,BRACKET-6305,adaptive_cnc_milling,finishing,9200,520,45.12,0.292,36.27,23.52,41.46,37.51,normal,WO-1041,A,25.0,,,,9.7,in_tol,in_process,84.0
2026-07-06T15:11:43+00:00,112,factory/SEAS-CNC-01/process,SEAS-CNC-01,BRACKET-6305,adaptive_cnc_milling,finishing,9200,520,40.79,0.361,38.3,23.87,41.28,37.45,normal,WO-1041,A,25.0,,,,9.6,in_tol,in_process,84.0
2026-07-06T15:11:45+00:00,113,factory/SEAS-CNC-01/process,SEAS-CNC-01,BRACKET-6305,adaptive_cnc_milling,finishing,9200,520,43.99,0.342,35.75,24.67,41.13,37.4,normal,WO-1041,A,25.0,,,,8.3,in_tol,in_process,84.0
2026-07-06T15:11:47+00:00,114,factory/SEAS-CNC-01/process,SEAS-CNC-01,BRACKET-6305,adaptive_cnc_milling,finishing,9200,520,40.57,0.252,37.67,24.26,40.98,37.35,normal,WO-1041,A,25.0,,,,8.1,in_tol,in_process,84.0
2026-07-06T15:11:49+00:00,115,factory/SEAS-CNC-01/process,SEAS-CNC-01,BRACKET-6305,adaptive_cnc_milling,finishing,9200,520,39.57,0.247,37.38,25.44,40.86,37.31,normal,WO-1041,A,25.0,,,,9.6,in_tol,in_process,84.0
2026-07-06T15:11:51+00:00,116,factory/SEAS-CNC-01/process,SEAS-CNC-01,BRACKET-6305,adaptive_cnc_milling,finishing,9200,520,39.78,0.27,37.05,24.77,40.75,37.28,normal,WO-1041,A,25.0,,,,10.6,in_tol,in_process,84.0
2026-07-06T15:11:53+00:00,117,factory/SEAS-CNC-01/process,SEAS-CNC-01,BRACKET-6305,adaptive_cnc_milling,finishing,9200,520,38.36,0.266,36.62,25.06,40.66,37.25,normal,WO-1041,A,25.0,,,,10.0,in_tol,in_process,84.0
2026-07-06T15:11:55+00:00,118,factory/SEAS-CNC-01/process,SEAS-CNC-01,BRACKET-6305,adaptive_cnc_milling,finishing,9200,520,41.81,0.281,37.69,24.73,40.59,37.23,normal,WO-1041,A,25.0,,,,9.2,in_tol,in_process,84.0
2026-07-06T15:11:57+00:00,119,factory/SEAS-CNC-01/process,SEAS-CNC-01,BRACKET-6305,adaptive_cnc_milling,finishing,9200,520,37.83,0.334,37.26,25.28,40.54,37.21,normal,WO-1041,A,25.0,,,,8.3,in_tol,in_process,84.0
2026-07-06T15:11:59+00:00,120,factory/SEAS-CNC-01/process,SEAS-CNC-01,BRACKET-6305,adaptive_cnc_milling,finishing,9200,520,38.94,0.279,36.69,25.9,40.51,37.2,normal,WO-1041,A,25.0,,,,8.3,in_tol,in_process,84.0
2026-07-06T15:12:01+00:00,121,factory/SEAS-CNC-01/process,SEAS-CNC-01,BRACKET-6305,adaptive_cnc_milling,finishing,9200,520,37.63,0.281,36.47,26.53,40.5,37.2,normal,WO-1041,A,25.0,,,,9.6,in_tol,in_process,84.0
2026-07-06T15:12:03+00:00,122,factory/SEAS-CNC-01/process,SEAS-CNC-01,BRACKET-6305,adaptive_cnc_milling,finishing,9200,520,39.8,0.29,36.93,25.18,40.51,37.2,normal,WO-1041,A,25.0,,,,9.1,in_tol,in_process,84.0
2026-07-06T15:12:05+00:00,123,factory/SEAS-CNC-01/process,SEAS-CNC-01,BRACKET-6305,adaptive_cnc_milling,finishing,9200,520,39.12,0.246,36.69,25.87,40.54,37.21,normal,WO-1041,A,25.0,,,,10.4,in_tol,in_process,84.0
2026-07-06T15:12:07+00:00,124,factory/SEAS-CNC-01/process,SEAS-CNC-01,BRACKET-6305,adaptive_cnc_milling,finishing,9200,520,40.37,0.219,37.81,26.55,40.6,37.23,normal,WO-1041,A,25.0,,,,9.2,in_tol,in_process,84.0
2026-07-06T15:12:09+00:00,125,factory/SEAS-CNC-01/process,SEAS-CNC-01,BRACKET-6305,adaptive_cnc_milling,finishing,9200,520,39.81,0.281,38.81,25.39,40.67,37.25,normal,WO-1041,A,25.0,,,,9.4,in_tol,in_process,84.0
2026-07-06T15:12:11+00:00,126,factory/SEAS-CNC-01/process,SEAS-CNC-01,BRACKET-6305,adaptive_cnc_milling,finishing,9200,520,40.33,0.214,37.7,26.18,40.76,37.28,normal,WO-1041,A,25.0,,,,8.1,in_tol,in_process,84.0
2026-07-06T15:12:13+00:00,127,factory/SEAS-CNC-01/process,SEAS-CNC-01,BRACKET-6305,adaptive_cnc_milling,finishing,9200,520,41.91,0.277,37.85,27.11,40.87,37.32,normal,WO-1041,A,25.0,,,,9.9,in_tol,in_process,84.0
2026-07-06T15:12:15+00:00,128,factory/SEAS-CNC-01/process,SEAS-CNC-01,BRACKET-6305,adaptive_cnc_milling,finishing,9200,520,37.16,0.34,38.02,27.58,41.0,37.36,normal,WO-1041,A,25.0,,,,8.7,in_tol,in_process,84.0
2026-07-06T15:12:17+00:00,129,factory/SEAS-CNC-01/process,SEAS-CNC-01,BRACKET-6305,adaptive_cnc_milling,finishing,9200,520,40.59,0.275,36.99,27.22,41.14,37.4,normal,WO-1041,A,25.0,,,,11.5,in_tol,in_process,84.0
2026-07-06T15:12:19+00:00,130,factory/SEAS-CNC-01/process,SEAS-CNC-01,BRACKET-6305,adaptive_cnc_milling,finishing,9200,520,39.37,0.217,37.94,27.01,41.3,37.46,normal,WO-1041,A,25.0,,,,9.0,in_tol,in_process,84.0
2026-07-06T15:12:21+00:00,131,factory/SEAS-CNC-01/process,SEAS-CNC-01,BRACKET-6305,adaptive_cnc_milling,finishing,9200,520,42.82,0.271,37.42,27.8,41.47,37.51,normal,WO-1041,A,25.0,,,,10.5,in_tol,in_process,84.0
2026-07-06T15:12:23+00:00,132,factory/SEAS-CNC-01/process,SEAS-CNC-01,BRACKET-6305,adaptive_cnc_milling,finishing,9200,520,41.68,0.312,37.56,28.32,41.66,37.57,normal,WO-1041,A,25.0,,,,9.1,in_tol,in_process,84.0
2026-07-06T15:12:25+00:00,133,factory/SEAS-CNC-01/process,SEAS-CNC-01,BRACKET-6305,adaptive_cnc_milling,finishing,9200,520,41.98,0.329,37.46,28.73,41.86,37.63,normal,WO-1041,A,25.0,,,,8.1,in_tol,in_process,84.0
2026-07-06T15:12:27+00:00,134,factory/SEAS-CNC-01/process,SEAS-CNC-01,BRACKET-6305,adaptive_cnc_milling,finishing,9200,520,43.74,0.305,37.87,27.57,42.06,37.7,normal,WO-1041,A,25.0,,,,9.5,in_tol,in_process,84.0
2026-07-06T15:12:29+00:00,135,factory/SEAS-CNC-01/process,SEAS-CNC-01,BRACKET-6305,adaptive_cnc_milling,finishing,9200,520,43.66,0.294,37.13,27.87,42.28,37.77,normal,WO-1041,A,25.0,,,,8.6,in_tol,in_process,84.0
2026-07-06T15:12:31+00:00,136,factory/SEAS-CNC-01/process,SEAS-CNC-01,BRACKET-6305,adaptive_cnc_milling,finishing,9200,520,42.65,0.272,37.14,27.79,42.5,37.84,normal,WO-1041,A,25.0,,,,8.1,in_tol,in_process,84.0
2026-07-06T15:12:33+00:00,137,factory/SEAS-CNC-01/process,SEAS-CNC-01,BRACKET-6305,adaptive_cnc_milling,finishing,9200,520,44.61,0.355,52.66,28.69,42.72,37.91,thermal_drift,WO-1041,A,25.0,,,,8.7,in_tol,in_process,84.0
2026-07-06T15:12:35+00:00,138,factory/SEAS-CNC-01/process,SEAS-CNC-01,BRACKET-6305,adaptive_cnc_milling,finishing,9200,520,49.52,0.295,53.17,29.08,42.95,37.98,thermal_drift,WO-1041,A,25.0,,,,8.3,in_tol,in_process,84.0
2026-07-06T15:12:37+00:00,139,factory/SEAS-CNC-01/process,SEAS-CNC-01,BRACKET-6305,adaptive_cnc_milling,finishing,9200,520,48.56,0.315,51.68,29.96,43.17,38.06,thermal_drift,WO-1041,A,25.0,,,,9.9,in_tol,in_process,84.0
2026-07-06T15:12:39+00:00,140,factory/SEAS-CNC-01/process,SEAS-CNC-01,BRACKET-6305,adaptive_cnc_milling,finishing,9200,520,46.85,0.33,53.78,28.22,43.4,38.13,thermal_drift,WO-1041,A,25.0,,,,8.4,in_tol,in_process,84.0
2026-07-06T15:12:41+00:00,141,factory/SEAS-CNC-01/process,SEAS-CNC-01,BRACKET-6305,adaptive_cnc_milling,finishing,9200,520,49.55,0.288,52.93,29.31,43.62,38.2,thermal_drift,WO-1041,A,25.0,,,,9.1,in_tol,in_process,84.0
2026-07-06T15:12:43+00:00,142,factory/SEAS-CNC-01/process,SEAS-CNC-01,BRACKET-6305,adaptive_cnc_milling,finishing,9200,520,49.04,0.272,53.84,29.76,43.84,38.27,thermal_drift,WO-1041,A,25.0,,,,8.4,in_tol,in_process,84.0
2026-07-06T15:12:45+00:00,143,factory/SEAS-CNC-01/process,SEAS-CNC-01,BRACKET-6305,adaptive_cnc_milling,finishing,9200,520,47.77,0.302,54.46,29.86,44.05,38.34,thermal_drift,WO-1041,A,25.0,,,,9.4,in_tol,in_process,84.0
2026-07-06T15:12:47+00:00,144,factory/SEAS-CNC-01/process,SEAS-CNC-01,BRACKET-6305,adaptive_cnc_milling,finishing,9200,520,47.64,0.268,45.98,29.54,44.25,38.4,thermal_drift,WO-1041,A,25.0,,,,9.5,in_tol,in_process,84.0
2026-07-06T15:12:49+00:00,145,factory/SEAS-CNC-01/process,SEAS-CNC-01,BRACKET-6305,adaptive_cnc_milling,finishing,9200,520,48.13,0.29,48.6,30.05,44.44,38.46,thermal_drift,WO-1041,A,25.0,,,,8.7,in_tol,in_process,84.0
2026-07-06T15:12:51+00:00,146,factory/SEAS-CNC-01/process,SEAS-CNC-01,BRACKET-6305,adaptive_cnc_milling,finishing,9200,520,45.76,0.282,47.69,30.71,44.62,38.52,thermal_drift,WO-1041,A,25.0,,,,8.1,in_tol,in_process,84.0
2026-07-06T15:12:53+00:00,147,factory/SEAS-CNC-01/process,SEAS-CNC-01,BRACKET-6305,adaptive_cnc_milling,finishing,9200,520,48.1,0.264,48.79,30.08,44.79,38.57,thermal_drift,WO-1041,A,25.0,,,,8.9,in_tol,in_process,84.0
2026-07-06T15:12:55+00:00,148,factory/SEAS-CNC-01/process,SEAS-CNC-01,BRACKET-6305,adaptive_cnc_milling,finishing,9200,520,47.32,0.251,50.52,30.17,44.94,38.62,thermal_drift,WO-1041,A,25.0,,,,10.0,in_tol,in_process,84.0
2026-07-06T15:12:57+00:00,149,factory/SEAS-CNC-01/process,SEAS-CNC-01,BRACKET-6305,adaptive_cnc_milling,finishing,9200,520,48.11,0.336,49.31,30.92,45.07,38.66,thermal_drift,WO-1041,A,25.0,,,,8.8,in_tol,in_process,84.0
2026-07-06T15:12:59+00:00,150,factory/SEAS-CNC-01/process,SEAS-CNC-01,BRACKET-6305,adaptive_cnc_milling,finishing,9200,520,49.08,0.304,50.59,30.21,45.19,38.7,thermal_drift,WO-1041,A,25.0,,,,9.8,in_tol,in_process,84.0
2026-07-06T15:13:01+00:00,151,factory/SEAS-CNC-01/process,SEAS-CNC-01,BRACKET-6305,adaptive_cnc_milling,finishing,9200,520,47.0,0.307,51.1,31.42,45.29,38.73,thermal_drift,WO-1041,A,25.0,,,,8.1,in_tol,in_process,84.0
2026-07-06T15:13:03+00:00,152,factory/SEAS-CNC-01/process,SEAS-CNC-01,BRACKET-6305,adaptive_cnc_milling,finishing,9200,520,45.01,0.31,51.07,31.34,45.37,38.76,thermal_drift,WO-1041,A,25.0,,,,8.3,in_tol,in_process,84.0
2026-07-06T15:13:05+00:00,153,factory/SEAS-CNC-01/process,SEAS-CNC-01,BRACKET-6305,adaptive_cnc_milling,finishing,9200,520,50.26,0.189,53.12,30.94,45.44,38.78,thermal_drift,WO-1041,A,25.0,,,,9.0,in_tol,in_process,84.0
2026-07-06T15:13:07+00:00,154,factory/SEAS-CNC-01/process,SEAS-CNC-01,BRACKET-6305,adaptive_cnc_milling,finishing,9200,520,47.65,0.212,39.07,32.28,45.48,38.79,normal,WO-1041,A,25.0,,,,8.8,in_tol,in_process,84.0
2026-07-06T15:13:09+00:00,155,factory/SEAS-CNC-01/process,SEAS-CNC-01,BRACKET-6305,adaptive_cnc_milling,finishing,9200,520,45.96,0.26,38.7,30.94,45.5,38.8,normal,WO-1041,A,25.0,,,,8.0,in_tol,in_process,84.0
2026-07-06T15:13:11+00:00,156,factory/SEAS-CNC-01/process,SEAS-CNC-01,BRACKET-6305,adaptive_cnc_milling,inspection,2500,140,18.21,0.112,32.0,32.43,19.0,32.4,normal,WO-1041,A,25.0,,NCR-207,rework,34.6,out_of_tol,hold,78.8
2026-07-06T15:13:13+00:00,157,factory/SEAS-CNC-01/process,SEAS-CNC-01,BRACKET-6305,adaptive_cnc_milling,inspection,2500,140,19.93,0.08,31.89,31.5,18.99,32.4,normal,WO-1041,A,25.0,,NCR-207,rework,31.7,out_of_tol,hold,74.8
2026-07-06T15:13:15+00:00,158,factory/SEAS-CNC-01/process,SEAS-CNC-01,BRACKET-6305,adaptive_cnc_milling,inspection,2500,140,20.72,0.07,32.5,31.89,18.97,32.39,normal,WO-1041,A,25.0,,NCR-207,rework,32.6,out_of_tol,hold,71.9
2026-07-06T15:13:17+00:00,159,factory/SEAS-CNC-01/process,SEAS-CNC-01,BRACKET-6305,adaptive_cnc_milling,inspection,2500,140,19.47,0.101,32.02,32.76,18.95,32.38,normal,WO-1041,A,25.0,,NCR-207,rework,33.6,out_of_tol,hold,69.6
2026-07-06T15:13:19+00:00,160,factory/SEAS-CNC-01/process,SEAS-CNC-01,BRACKET-6305,adaptive_cnc_milling,inspection,2500,140,18.68,0.15,32.99,33.07,18.92,32.37,normal,WO-1041,A,25.0,,NCR-207,rework,31.8,out_of_tol,hold,68.0
2026-07-06T15:13:21+00:00,161,factory/SEAS-CNC-01/process,SEAS-CNC-01,BRACKET-6305,adaptive_cnc_milling,inspection,2500,140,17.97,0.124,31.05,32.23,18.88,32.35,normal,WO-1041,A,25.0,,NCR-207,rework,32.4,out_of_tol,hold,66.7
2026-07-06T15:13:23+00:00,162,factory/SEAS-CNC-01/process,SEAS-CNC-01,BRACKET-6305,adaptive_cnc_milling,inspection,2500,140,20.5,0.117,33.14,33.12,18.83,32.33,normal,WO-1041,A,25.0,,NCR-207,rework,32.2,out_of_tol,hold,65.8
2026-07-06T15:13:25+00:00,163,factory/SEAS-CNC-01/process,SEAS-CNC-01,BRACKET-6305,adaptive_cnc_milling,inspection,2500,140,23.49,0.126,32.56,33.15,18.78,32.31,normal,WO-1041,A,25.0,,NCR-207,rework,32.4,out_of_tol,hold,65.1
2026-07-06T15:13:27+00:00,164,factory/SEAS-CNC-01/process,SEAS-CNC-01,BRACKET-6305,adaptive_cnc_milling,inspection,2500,140,18.19,0.156,32.78,32.88,18.72,32.29,normal,WO-1041,A,25.0,,NCR-207,rework,31.0,out_of_tol,hold,64.6
2026-07-06T15:13:29+00:00,165,factory/SEAS-CNC-01/process,SEAS-CNC-01,BRACKET-6305,adaptive_cnc_milling,inspection,2500,140,17.58,0.083,32.49,33.94,18.65,32.26,normal,WO-1041,A,25.0,,NCR-207,rework,31.9,out_of_tol,hold,64.2
2026-07-06T15:13:31+00:00,166,factory/SEAS-CNC-01/process,SEAS-CNC-01,BRACKET-6305,adaptive_cnc_milling,inspection,2500,140,19.51,0.132,31.8,34.46,18.58,32.23,normal,WO-1041,A,25.0,,NCR-207,rework,32.0,out_of_tol,hold,63.9
2026-07-06T15:13:33+00:00,167,factory/SEAS-CNC-01/process,SEAS-CNC-01,BRACKET-6305,adaptive_cnc_milling,inspection,2500,140,21.19,0.129,31.11,34.33,18.5,32.2,normal,WO-1041,A,25.0,,NCR-207,rework,31.1,out_of_tol,hold,63.7
2026-07-06T15:13:35+00:00,168,factory/SEAS-CNC-01/process,SEAS-CNC-01,BRACKET-6305,adaptive_cnc_milling,inspection,2500,140,16.45,0.155,32.33,34.14,18.42,32.17,normal,WO-1041,A,25.0,,NCR-207,rework,33.1,out_of_tol,hold,63.5
2026-07-06T15:13:37+00:00,169,factory/SEAS-CNC-01/process,SEAS-CNC-01,BRACKET-6305,adaptive_cnc_milling,inspection,2500,140,19.19,0.183,31.43,35.13,18.34,32.14,normal,WO-1041,A,25.0,,NCR-207,rework,32.7,out_of_tol,hold,63.4
2026-07-06T15:13:39+00:00,170,factory/SEAS-CNC-01/process,SEAS-CNC-01,BRACKET-6305,adaptive_cnc_milling,inspection,2500,140,20.46,0.129,32.19,34.17,18.25,32.1,normal,WO-1041,A,25.0,ECO-118,NCR-207,rework,31.1,out_of_tol,hold,63.3
2026-07-06T15:13:41+00:00,171,factory/SEAS-CNC-01/process,SEAS-CNC-01,BRACKET-6305,adaptive_cnc_milling,inspection,2500,140,20.3,0.108,31.69,34.11,18.16,32.06,normal,WO-1041,A,25.0,ECO-118,NCR-207,rework,31.6,out_of_tol,hold,63.2
2026-07-06T15:13:43+00:00,172,factory/SEAS-CNC-01/process,SEAS-CNC-01,BRACKET-6305,adaptive_cnc_milling,inspection,2500,140,19.12,0.179,31.95,34.67,18.07,32.03,normal,WO-1041,A,25.0,ECO-118,NCR-207,rework,31.3,out_of_tol,hold,63.2
2026-07-06T15:13:45+00:00,173,factory/SEAS-CNC-01/process,SEAS-CNC-01,BRACKET-6305,adaptive_cnc_milling,inspection,2500,140,13.42,0.113,32.07,35.11,17.98,31.99,normal,WO-1041,A,25.0,ECO-118,NCR-207,rework,34.2,out_of_tol,hold,63.1
2026-07-06T15:13:47+00:00,174,factory/SEAS-CNC-01/process,SEAS-CNC-01,BRACKET-6305,adaptive_cnc_milling,inspection,2500,329.0,24.16,0.321,32.96,35.04,17.89,31.96,feed_mismatch,WO-1041,A,25.0,ECO-118,NCR-207,rework,31.4,out_of_tol,hold,63.1
2026-07-06T15:13:49+00:00,175,factory/SEAS-CNC-01/process,SEAS-CNC-01,BRACKET-6305,adaptive_cnc_milling,inspection,2500,329.0,26.43,0.366,31.58,35.65,17.8,31.92,feed_mismatch,WO-1041,A,25.0,ECO-118,NCR-207,rework,31.9,out_of_tol,hold,63.1
2026-07-06T15:13:51+00:00,176,factory/SEAS-CNC-01/process,SEAS-CNC-01,BRACKET-6305,adaptive_cnc_milling,inspection,2500,329.0,26.1,0.414,31.18,35.92,17.71,31.88,feed_mismatch,WO-1041,A,25.0,ECO-118,NCR-207,rework,32.8,out_of_tol,hold,63.0
2026-07-06T15:13:53+00:00,177,factory/SEAS-CNC-01/process,SEAS-CNC-01,BRACKET-6305,adaptive_cnc_milling,inspection,2500,329.0,24.28,0.386,32.21,35.84,17.63,31.85,feed_mismatch,WO-1041,A,25.0,ECO-118,NCR-207,rework,31.6,out_of_tol,hold,63.0
2026-07-06T15:13:55+00:00,178,factory/SEAS-CNC-01/process,SEAS-CNC-01,BRACKET-6305,adaptive_cnc_milling,inspection,2500,329.0,28.0,0.419,30.51,35.48,17.54,31.82,feed_mismatch,WO-1041,A,25.0,ECO-118,NCR-207,rework,34.3,out_of_tol,hold,63.0
2026-07-06T15:13:57+00:00,179,factory/SEAS-CNC-01/process,SEAS-CNC-01,BRACKET-6305,adaptive_cnc_milling,inspection,2500,329.0,26.78,0.378,32.73,37.18,17.46,31.79,feed_mismatch,WO-1041,A,25.0,ECO-118,NCR-207,rework,31.6,out_of_tol,hold,63.0
2026-07-06T15:13:59+00:00,180,factory/SEAS-CNC-01/process,SEAS-CNC-01,BRACKET-6305,adaptive_cnc_milling,warmup,4500,799.0,31.52,0.504,27.32,36.24,26.78,28.0,feed_mismatch,WO-1041,A,25.0,ECO-118,NCR-207,rework,32.3,out_of_tol,planning,64.3
2026-07-06T15:14:01+00:00,181,factory/SEAS-CNC-01/process,SEAS-CNC-01,BRACKET-6305,adaptive_cnc_milling,warmup,4500,340,25.68,0.129,28.28,36.36,26.64,28.12,normal,WO-1041,A,25.0,ECO-118,NCR-207,rework,31.7,out_of_tol,planning,65.2
2026-07-06T15:14:03+00:00,182,factory/SEAS-CNC-01/process,SEAS-CNC-01,BRACKET-6305,adaptive_cnc_milling,warmup,4500,340,28.24,0.243,29.85,37.0,26.51,28.24,normal,WO-1041,A,25.0,ECO-118,NCR-207,rework,31.7,out_of_tol,planning,65.9
2026-07-06T15:14:05+00:00,183,factory/SEAS-CNC-01/process,SEAS-CNC-01,BRACKET-6305,adaptive_cnc_milling,warmup,4500,340,23.58,0.152,27.38,37.58,26.4,28.36,normal,WO-1041,A,25.0,ECO-118,NCR-207,rework,32.1,out_of_tol,planning,66.4
2026-07-06T15:14:07+00:00,184,factory/SEAS-CNC-01/process,SEAS-CNC-01,BRACKET-6305,adaptive_cnc_milling,warmup,4500,340,27.47,0.19,27.41,36.28,26.3,28.48,normal,WO-1041,A,25.0,ECO-118,NCR-207,rework,31.8,out_of_tol,planning,66.8
2026-07-06T15:14:09+00:00,185,factory/SEAS-CNC-01/process,SEAS-CNC-01,BRACKET-6305,adaptive_cnc_milling,warmup,4500,340,27.56,0.155,28.59,36.97,26.21,28.6,normal,WO-1041,A,25.0,ECO-118,NCR-207,rework,31.1,out_of_tol,planning,67.1
2026-07-06T15:14:11+00:00,186,factory/SEAS-CNC-01/process,SEAS-CNC-01,BRACKET-6305,adaptive_cnc_milling,warmup,4500,340,26.65,0.126,27.78,37.0,26.14,28.72,normal,WO-1041,A,25.0,ECO-118,NCR-207,rework,32.9,out_of_tol,planning,67.3
2026-07-06T15:14:13+00:00,187,factory/SEAS-CNC-01/process,SEAS-CNC-01,BRACKET-6305,adaptive_cnc_milling,warmup,4500,340,26.56,0.156,29.4,37.52,26.08,28.84,normal,WO-1041,A,25.0,ECO-118,NCR-207,rework,32.3,out_of_tol,planning,67.5
2026-07-06T15:14:15+00:00,188,factory/SEAS-CNC-01/process,SEAS-CNC-01,BRACKET-6305,adaptive_cnc_milling,warmup,4500,340,25.51,0.242,30.2,37.77,26.04,28.96,normal,WO-1041,A,25.0,ECO-118,NCR-207,rework,32.8,out_of_tol,planning,67.6
2026-07-06T15:14:17+00:00,189,factory/SEAS-CNC-01/process,SEAS-CNC-01,BRACKET-6305,adaptive_cnc_milling,warmup,4500,340,27.78,0.226,28.41,38.68,26.01,29.08,normal,WO-1041,A,25.0,ECO-118,NCR-207,rework,31.3,out_of_tol,planning,67.7
2026-07-06T15:14:19+00:00,190,factory/SEAS-CNC-01/process,SEAS-CNC-01,BRACKET-6305,adaptive_cnc_milling,warmup,4500,340,27.23,0.173,28.86,38.77,26.0,29.2,normal,WO-1042,B,25.0,ECO-118,,,10.7,in_tol,in_process,72.3
2026-07-06T15:14:21+00:00,191,factory/SEAS-CNC-01/process,SEAS-CNC-01,BRACKET-6305,adaptive_cnc_milling,warmup,4500,340,29.91,0.197,28.22,38.19,26.01,29.32,normal,WO-1042,B,25.0,ECO-118,,,9.8,in_tol,in_process,75.7
2026-07-06T15:14:23+00:00,192,factory/SEAS-CNC-01/process,SEAS-CNC-01,BRACKET-6305,adaptive_cnc_milling,warmup,4500,340,23.41,0.18,30.1,38.87,26.03,29.44,normal,WO-1042,B,25.0,ECO-118,,,10.6,in_tol,in_process,78.3
2026-07-06T15:14:25+00:00,193,factory/SEAS-CNC-01/process,SEAS-CNC-01,BRACKET-6305,adaptive_cnc_milling,warmup,4500,340,26.53,0.225,29.37,38.41,26.07,29.56,normal,WO-1042,B,25.0,ECO-118,,,9.8,in_tol,in_process,80.2
2026-07-06T15:14:27+00:00,194,factory/SEAS-CNC-01/process,SEAS-CNC-01,BRACKET-6305,adaptive_cnc_milling,warmup,4500,340,28.24,0.193,30.4,38.95,26.13,29.68,normal,WO-1042,B,25.0,ECO-118,,,9.7,in_tol,in_process,81.7
2026-07-06T15:14:29+00:00,195,factory/SEAS-CNC-01/process,SEAS-CNC-01,BRACKET-6305,adaptive_cnc_milling,warmup,4500,340,28.09,0.188,29.23,38.89,26.2,29.8,normal,WO-1042,B,25.0,ECO-118,,,9.3,in_tol,in_process,82.7
2026-07-06T15:14:31+00:00,196,factory/SEAS-CNC-01/process,SEAS-CNC-01,BRACKET-6305,adaptive_cnc_milling,warmup,4500,340,21.83,0.134,30.18,40.02,26.28,29.92,normal,WO-1042,B,25.0,ECO-118,,,11.2,in_tol,in_process,83.6
2026-07-06T15:14:33+00:00,197,factory/SEAS-CNC-01/process,SEAS-CNC-01,BRACKET-6305,adaptive_cnc_milling,warmup,4500,340,29.11,0.221,29.08,39.45,26.38,30.04,normal,WO-1042,B,25.0,ECO-118,,,9.8,in_tol,in_process,84.2
2026-07-06T15:14:35+00:00,198,factory/SEAS-CNC-01/process,SEAS-CNC-01,BRACKET-6305,adaptive_cnc_milling,warmup,4500,340,27.41,0.172,30.43,39.47,26.5,30.16,normal,WO-1042,B,25.0,ECO-118,,,10.5,in_tol,in_process,84.6
2026-07-06T15:14:37+00:00,199,factory/SEAS-CNC-01/process,SEAS-CNC-01,BRACKET-6305,adaptive_cnc_milling,warmup,4500,340,26.14,0.146,30.21,40.18,26.62,30.28,normal,WO-1042,B,25.0,ECO-118,,,9.5,in_tol,in_process,85.0
2026-07-06T15:14:39+00:00,200,factory/SEAS-CNC-01/process,SEAS-CNC-01,BRACKET-6305,adaptive_cnc_milling,warmup,4500,340,24.73,0.173,26.76,40.86,26.76,28.0,normal,WO-1042,B,25.0,ECO-118,,,9.9,in_tol,in_process,85.2
2026-07-06T15:14:41+00:00,201,factory/SEAS-CNC-01/process,SEAS-CNC-01,BRACKET-6305,adaptive_cnc_milling,warmup,4500,340,25.29,0.172,28.3,39.85,26.91,28.12,normal,WO-1042,B,25.0,ECO-118,,,9.1,in_tol,in_process,85.4
2026-07-06T15:14:43+00:00,202,factory/SEAS-CNC-01/process,SEAS-CNC-01,BRACKET-6305,adaptive_cnc_milling,warmup,4500,340,27.27,0.149,27.98,40.5,27.07,28.24,normal,WO-1042,B,25.0,ECO-118,,,9.2,in_tol,in_process,85.6
2026-07-06T15:14:45+00:00,203,factory/SEAS-CNC-01/process,SEAS-CNC-01,BRACKET-6305,adaptive_cnc_milling,warmup,4500,340,28.2,0.205,28.89,40.21,27.23,28.36,normal,WO-1042,B,25.0,ECO-118,,,9.6,in_tol,in_process,85.7
2026-07-06T15:14:47+00:00,204,factory/SEAS-CNC-01/process,SEAS-CNC-01,BRACKET-6305,adaptive_cnc_milling,warmup,4500,340,27.75,0.168,27.69,41.53,27.4,28.48,normal,WO-1042,B,25.0,ECO-118,,,9.2,in_tol,in_process,85.8
2026-07-06T15:14:49+00:00,205,factory/SEAS-CNC-01/process,SEAS-CNC-01,BRACKET-6305,adaptive_cnc_milling,warmup,4500,340,26.07,0.219,26.78,40.72,27.58,28.6,normal,WO-1042,B,25.0,ECO-118,,,9.7,in_tol,in_process,85.8
2026-07-06T15:14:51+00:00,206,factory/SEAS-CNC-01/process,SEAS-CNC-01,BRACKET-6305,adaptive_cnc_milling,warmup,4500,340,25.91,0.132,28.24,41.55,27.76,28.72,normal,WO-1042,B,25.0,ECO-118,,,9.1,in_tol,in_process,85.9
2026-07-06T15:14:53+00:00,207,factory/SEAS-CNC-01/process,SEAS-CNC-01,BRACKET-6305,adaptive_cnc_milling,warmup,4500,340,27.99,0.188,28.9,41.27,27.94,28.84,normal,WO-1042,B,25.0,ECO-118,,,9.6,in_tol,in_process,85.9
2026-07-06T15:14:55+00:00,208,factory/SEAS-CNC-01/process,SEAS-CNC-01,BRACKET-6305,adaptive_cnc_milling,roughing,7800,820,,,,41.62,62.27,43.07,sensor_dropout,WO-1042,B,25.0,ECO-118,,,10.1,in_tol,in_process,85.9
2026-07-06T15:14:57+00:00,209,factory/SEAS-CNC-01/process,SEAS-CNC-01,BRACKET-6305,adaptive_cnc_milling,roughing,7800,820,,,,40.98,62.67,43.18,sensor_dropout,WO-1042,B,25.0,ECO-118,,,9.9,in_tol,in_process,85.9
2026-07-06T15:14:59+00:00,210,factory/SEAS-CNC-01/process,SEAS-CNC-01,BRACKET-6305,adaptive_cnc_milling,roughing,7800,820,,,,42.38,63.08,43.29,sensor_dropout,WO-1042,B,25.0,ECO-118,,,9.2,in_tol,in_process,86.0
2026-07-06T15:15:01+00:00,211,factory/SEAS-CNC-01/process,SEAS-CNC-01,BRACKET-6305,adaptive_cnc_milling,roughing,7800,820,,,,41.64,63.47,43.39,sensor_dropout,WO-1042,B,25.0,ECO-118,,,9.6,in_tol,in_process,86.0
2026-07-06T15:15:03+00:00,212,factory/SEAS-CNC-01/process,SEAS-CNC-01,BRACKET-6305,adaptive_cnc_milling,roughing,7800,820,,,,42.51,63.85,43.49,sensor_dropout,WO-1042,B,25.0,ECO-118,,,10.6,in_tol,in_process,86.0
2026-07-06T15:15:05+00:00,213,factory/SEAS-CNC-01/process,SEAS-CNC-01,BRACKET-6305,adaptive_cnc_milling,roughing,7800,820,,,,42.67,64.21,43.59,sensor_dropout,WO-1042,B,25.0,ECO-118,,,10.5,in_tol,in_process,86.0
2026-07-06T15:15:07+00:00,214,factory/SEAS-CNC-01/process,SEAS-CNC-01,BRACKET-6305,adaptive_cnc_milling,roughing,7800,820,61.64,0.394,45.34,43.56,64.56,43.68,normal,WO-1042,B,25.0,ECO-118,,,9.3,in_tol,in_process,86.0
2026-07-06T15:15:09+00:00,215,factory/SEAS-CNC-01/process,SEAS-CNC-01,BRACKET-6305,adaptive_cnc_milling,roughing,7800,820,64.82,0.483,42.96,42.43,64.88,43.77,normal,WO-1042,B,25.0,ECO-118,,,9.6,in_tol,in_process,86.0
2026-07-06T15:15:11+00:00,216,factory/SEAS-CNC-01/process,SEAS-CNC-01,BRACKET-6305,adaptive_cnc_milling,roughing,7800,820,64.46,0.378,44.5,43.13,65.19,43.85,normal,WO-1042,B,25.0,ECO-118,,,10.5,in_tol,in_process,86.0
2026-07-06T15:15:13+00:00,217,factory/SEAS-CNC-01/process,SEAS-CNC-01,BRACKET-6305,adaptive_cnc_milling,roughing,7800,820,62.52,0.447,43.14,44.18,65.46,43.92,normal,WO-1042,B,25.0,ECO-118,,,9.2,in_tol,in_process,86.0
2026-07-06T15:15:15+00:00,218,factory/SEAS-CNC-01/process,SEAS-CNC-01,BRACKET-6305,adaptive_cnc_milling,roughing,7800,820,65.73,0.448,43.84,43.34,65.71,43.99,normal,WO-1042,B,25.0,ECO-118,,,10.3,in_tol,in_process,86.0
2026-07-06T15:15:17+00:00,219,factory/SEAS-CNC-01/process,SEAS-CNC-01,BRACKET-6305,adaptive_cnc_milling,roughing,7800,820,67.76,0.397,43.86,42.96,65.92,44.05,normal,WO-1042,B,25.0,ECO-118,,,9.1,in_tol,in_process,86.0
2026-07-06T15:15:19+00:00,220,factory/SEAS-CNC-01/process,SEAS-CNC-01,BRACKET-6305,adaptive_cnc_milling,roughing,7800,820,65.2,0.482,43.93,43.41,66.11,44.1,normal,WO-1042,B,25.0,ECO-118,,,9.1,in_tol,in_process,86.0
2026-07-06T15:15:21+00:00,221,factory/SEAS-CNC-01/process,SEAS-CNC-01,BRACKET-6305,adaptive_cnc_milling,roughing,7800,820,65.75,0.431,44.23,43.7,66.26,44.14,normal,WO-1042,B,25.0,ECO-118,,,10.5,in_tol,in_process,86.0
2026-07-06T15:15:23+00:00,222,factory/SEAS-CNC-01/process,SEAS-CNC-01,BRACKET-6305,adaptive_cnc_milling,roughing,7800,820,71.57,0.362,43.93,44.31,66.37,44.17,normal,WO-1042,B,25.0,ECO-118,,,10.3,in_tol,in_process,86.0
2026-07-06T15:15:25+00:00,223,factory/SEAS-CNC-01/process,SEAS-CNC-01,BRACKET-6305,adaptive_cnc_milling,roughing,7800,820,64.35,0.421,44.69,44.03,66.45,44.19,normal,WO-1042,B,25.0,ECO-118,,,9.6,in_tol,in_process,86.0
2026-07-06T15:15:27+00:00,224,factory/SEAS-CNC-01/process,SEAS-CNC-01,BRACKET-6305,adaptive_cnc_milling,roughing,7800,820,64.54,0.477,44.85,44.96,66.49,44.2,normal,WO-1042,B,25.0,ECO-118,,,9.9,in_tol,in_process,86.0
2026-07-06T15:15:29+00:00,225,factory/SEAS-CNC-01/process,SEAS-CNC-01,BRACKET-6305,adaptive_cnc_milling,roughing,7800,820,69.38,0.4,43.7,45.04,66.5,44.2,normal,WO-1042,B,25.0,ECO-118,,,9.7,in_tol,in_process,86.0
2026-07-06T15:15:31+00:00,226,factory/SEAS-CNC-01/process,SEAS-CNC-01,BRACKET-6305,adaptive_cnc_milling,roughing,7800,820,70.55,0.484,44.57,44.07,66.46,44.19,normal,WO-1042,B,25.0,ECO-118,,,10.0,in_tol,in_process,86.0
2026-07-06T15:15:33+00:00,227,factory/SEAS-CNC-01/process,SEAS-CNC-01,BRACKET-6305,adaptive_cnc_milling,roughing,7800,820,64.9,0.404,45.38,44.45,66.4,44.17,normal,WO-1042,B,25.0,ECO-118,,,9.3,in_tol,in_process,86.0
2026-07-06T15:15:35+00:00,228,factory/SEAS-CNC-01/process,SEAS-CNC-01,BRACKET-6305,adaptive_cnc_milling,roughing,7800,820,66.17,0.408,44.19,44.84,66.29,44.14,normal,WO-1042,B,25.0,ECO-118,,,9.7,in_tol,in_process,86.0
2026-07-06T15:15:37+00:00,229,factory/SEAS-CNC-01/process,SEAS-CNC-01,BRACKET-6305,adaptive_cnc_milling,roughing,7800,820,63.61,0.41,44.89,45.5,66.15,44.11,normal,WO-1042,B,25.0,ECO-118,,,9.1,in_tol,in_process,86.0
2026-07-06T15:15:39+00:00,230,factory/SEAS-CNC-01/process,SEAS-CNC-01,BRACKET-6305,adaptive_cnc_milling,roughing,7800,820,65.24,0.41,44.33,45.4,65.97,44.06,normal,WO-1042,B,25.0,ECO-118,,,10.9,in_tol,in_process,86.0
2026-07-06T15:15:41+00:00,231,factory/SEAS-CNC-01/process,SEAS-CNC-01,BRACKET-6305,adaptive_cnc_milling,roughing,7800,820,65.16,0.466,43.76,46.17,65.76,44.0,normal,WO-1042,B,25.0,ECO-118,,,9.3,in_tol,in_process,86.0
2026-07-06T15:15:43+00:00,232,factory/SEAS-CNC-01/process,SEAS-CNC-01,BRACKET-6305,adaptive_cnc_milling,roughing,7800,820,60.76,0.423,44.39,46.18,65.53,43.94,normal,WO-1042,B,25.0,ECO-118,,,9.7,in_tol,in_process,86.0
2026-07-06T15:15:45+00:00,233,factory/SEAS-CNC-01/process,SEAS-CNC-01,BRACKET-6305,adaptive_cnc_milling,roughing,7800,820,65.67,0.403,43.74,44.56,65.26,43.87,normal,WO-1042,B,25.0,ECO-118,,,9.4,in_tol,in_process,86.0
2026-07-06T15:15:47+00:00,234,factory/SEAS-CNC-01/process,SEAS-CNC-01,BRACKET-6305,adaptive_cnc_milling,roughing,7800,820,62.95,0.419,43.0,46.97,64.96,43.79,normal,WO-1042,B,25.0,ECO-118,,,9.8,in_tol,in_process,86.0
2026-07-06T15:15:49+00:00,235,factory/SEAS-CNC-01/process,SEAS-CNC-01,BRACKET-6305,adaptive_cnc_milling,roughing,7800,820,66.84,0.396,43.58,46.14,64.64,43.7,normal,WO-1042,B,25.0,ECO-118,,,9.2,in_tol,in_process,86.0
2026-07-06T15:15:51+00:00,236,factory/SEAS-CNC-01/process,SEAS-CNC-01,BRACKET-6305,adaptive_cnc_milling,roughing,7800,820,63.9,0.4,42.66,46.7,64.3,43.61,normal,WO-1042,B,25.0,ECO-118,,,9.3,in_tol,in_process,86.0
2026-07-06T15:15:53+00:00,237,factory/SEAS-CNC-01/process,SEAS-CNC-01,BRACKET-6305,adaptive_cnc_milling,roughing,7800,820,63.34,0.387,43.3,45.76,63.94,43.52,normal,WO-1042,B,25.0,ECO-118,,,9.4,in_tol,in_process,86.0
2026-07-06T15:15:55+00:00,238,factory/SEAS-CNC-01/process,SEAS-CNC-01,BRACKET-6305,adaptive_cnc_milling,roughing,7800,820,65.16,0.381,42.51,46.83,63.56,43.42,normal,WO-1042,B,25.0,ECO-118,,,9.0,in_tol,in_process,86.0
2026-07-06T15:15:57+00:00,239,factory/SEAS-CNC-01/process,SEAS-CNC-01,BRACKET-6305,adaptive_cnc_milling,roughing,7800,820,59.06,0.402,41.31,47.05,63.17,43.31,normal,WO-1042,B,25.0,ECO-118,,,10.5,in_tol,in_process,86.0
2026-07-06T15:15:59+00:00,240,factory/SEAS-CNC-01/process,SEAS-CNC-01,BRACKET-6305,adaptive_cnc_milling,roughing,7800,820,64.09,0.415,45.07,47.01,62.77,43.21,normal,WO-1042,B,25.0,ECO-118,,,9.0,in_tol,in_process,86.0
2026-07-06T15:16:01+00:00,241,factory/SEAS-CNC-01/process,SEAS-CNC-01,BRACKET-6305,adaptive_cnc_milling,roughing,7800,820,61.15,0.44,43.61,47.22,62.37,43.1,normal,WO-1042,B,25.0,ECO-118,,,9.8,in_tol,in_process,86.0
2026-07-06T15:16:03+00:00,242,factory/SEAS-CNC-01/process,SEAS-CNC-01,BRACKET-6305,adaptive_cnc_milling,roughing,7800,820,65.03,0.454,42.44,48.33,61.96,42.99,normal,WO-1042,B,25.0,ECO-118,,,9.2,in_tol,in_process,86.0
2026-07-06T15:16:05+00:00,243,factory/SEAS-CNC-01/process,SEAS-CNC-01,BRACKET-6305,adaptive_cnc_milling,roughing,7800,820,62.16,0.418,43.03,47.45,61.55,42.88,normal,WO-1042,B,25.0,ECO-118,,,10.8,in_tol,in_process,86.0
2026-07-06T15:16:07+00:00,244,factory/SEAS-CNC-01/process,SEAS-CNC-01,BRACKET-6305,adaptive_cnc_milling,roughing,7800,820,61.2,0.404,41.82,48.26,61.15,42.77,normal,WO-1042,B,25.0,ECO-118,,,10.7,in_tol,in_process,86.0
2026-07-06T15:16:09+00:00,245,factory/SEAS-CNC-01/process,SEAS-CNC-01,BRACKET-6305,adaptive_cnc_milling,roughing,7800,820,57.97,0.387,41.89,47.78,60.75,42.67,normal,WO-1042,B,25.0,ECO-118,,,9.7,in_tol,in_process,86.0
2026-07-06T15:16:11+00:00,246,factory/SEAS-CNC-01/process,SEAS-CNC-01,BRACKET-6305,adaptive_cnc_milling,roughing,7800,820,62.01,0.394,41.05,48.62,60.36,42.56,normal,WO-1042,B,25.0,ECO-118,,,10.1,in_tol,in_process,86.0
2026-07-06T15:16:13+00:00,247,factory/SEAS-CNC-01/process,SEAS-CNC-01,BRACKET-6305,adaptive_cnc_milling,roughing,7800,820,58.74,0.412,42.48,48.4,59.99,42.46,normal,WO-1042,B,25.0,ECO-118,,,10.0,in_tol,in_process,86.0
2026-07-06T15:16:15+00:00,248,factory/SEAS-CNC-01/process,SEAS-CNC-01,BRACKET-6305,adaptive_cnc_milling,roughing,7800,820,55.84,0.417,42.47,48.16,59.63,42.37,normal,WO-1042,B,25.0,ECO-118,,,11.1,in_tol,in_process,86.0
2026-07-06T15:16:17+00:00,249,factory/SEAS-CNC-01/process,SEAS-CNC-01,BRACKET-6305,adaptive_cnc_milling,roughing,7800,820,60.33,0.399,40.48,49.09,59.29,42.28,normal,WO-1042,B,25.0,ECO-118,,,10.0,in_tol,in_process,86.0
2026-07-06T15:16:19+00:00,250,factory/SEAS-CNC-01/process,SEAS-CNC-01,BRACKET-6305,adaptive_cnc_milling,roughing,7800,820,56.99,0.413,42.21,49.28,58.98,42.19,normal,WO-1042,B,25.0,ECO-118,,,10.0,in_tol,in_process,86.0
2026-07-06T15:16:21+00:00,251,factory/SEAS-CNC-01/process,SEAS-CNC-01,BRACKET-6305,adaptive_cnc_milling,roughing,7800,820,61.71,0.445,42.09,48.77,58.69,42.12,normal,WO-1042,B,25.0,ECO-118,,,9.2,in_tol,in_process,86.0
2026-07-06T15:16:23+00:00,252,factory/SEAS-CNC-01/process,SEAS-CNC-01,BRACKET-6305,adaptive_cnc_milling,roughing,7800,820,55.42,0.419,42.78,49.28,58.43,42.05,normal,WO-1042,B,25.0,ECO-118,,,9.2,in_tol,in_process,86.0
2026-07-06T15:16:25+00:00,253,factory/SEAS-CNC-01/process,SEAS-CNC-01,BRACKET-6305,adaptive_cnc_milling,roughing,7800,820,56.62,0.403,41.81,50.09,58.19,41.98,normal,WO-1042,B,25.0,ECO-118,,,10.1,in_tol,in_process,86.0
2026-07-06T15:16:27+00:00,254,factory/SEAS-CNC-01/process,SEAS-CNC-01,BRACKET-6305,adaptive_cnc_milling,roughing,7800,820,56.3,0.463,41.73,50.87,57.99,41.93,normal,WO-1042,B,25.0,ECO-118,,,11.2,in_tol,in_process,86.0
2026-07-06T15:16:29+00:00,255,factory/SEAS-CNC-01/process,SEAS-CNC-01,BRACKET-6305,adaptive_cnc_milling,roughing,7800,820,59.47,0.38,40.95,50.63,57.82,41.89,normal,WO-1042,B,25.0,ECO-118,,,9.6,in_tol,in_process,86.0
2026-07-06T15:16:31+00:00,256,factory/SEAS-CNC-01/process,SEAS-CNC-01,BRACKET-6305,adaptive_cnc_milling,roughing,7800,820,54.1,0.306,43.15,49.65,57.69,41.85,normal,WO-1042,B,25.0,ECO-118,,,10.6,in_tol,in_process,86.0
2026-07-06T15:16:33+00:00,257,factory/SEAS-CNC-01/process,SEAS-CNC-01,BRACKET-6305,adaptive_cnc_milling,roughing,7800,820,55.15,0.428,42.99,50.35,57.59,41.82,normal,WO-1042,B,25.0,ECO-118,,,11.9,in_tol,in_process,86.0
2026-07-06T15:16:35+00:00,258,factory/SEAS-CNC-01/process,SEAS-CNC-01,BRACKET-6305,adaptive_cnc_milling,roughing,7800,820,55.25,0.431,41.13,50.22,57.53,41.81,normal,WO-1042,B,25.0,ECO-118,,,9.8,in_tol,in_process,86.0
2026-07-06T15:16:37+00:00,259,factory/SEAS-CNC-01/process,SEAS-CNC-01,BRACKET-6305,adaptive_cnc_milling,roughing,7800,820,57.79,0.438,41.54,49.99,57.5,41.8,normal,WO-1042,B,25.0,ECO-118,,,10.0,in_tol,in_process,86.0
